dataset,subject,band,accuracy_pct,n_epochs_ran
BCIC IV 2a,1,0-38,63.541666666666664,16
BCIC IV 2a,2,0-38,40.625,16
BCIC IV 2a,3,0-38,87.5,34
BCIC IV 2a,4,0-38,51.388888888888886,24
BCIC IV 2a,5,0-38,51.736111111111114,21
BCIC IV 2a,6,0-38,37.15277777777778,13
BCIC IV 2a,7,0-38,57.986111111111114,18
BCIC IV 2a,8,0-38,71.875,20
BCIC IV 2a,9,0-38,71.875,25
BCIC IV 2a,1,4-38,60.763888888888886,17
BCIC IV 2a,2,4-38,30.555555555555557,16
BCIC IV 2a,3,4-38,56.59722222222222,15
BCIC IV 2a,4,4-38,44.44444444444444,15
BCIC IV 2a,5,4-38,31.944444444444443,16
BCIC IV 2a,6,4-38,41.66666666666667,17
BCIC IV 2a,7,4-38,66.66666666666666,31
BCIC IV 2a,8,4-38,68.05555555555556,19
BCIC IV 2a,9,4-38,62.84722222222222,15
